insert into accounts (id, created_by, last_update_date_time, time_created, updated_by, account_no, enabled, account_total) values (1, 1, '2015-02-09 03:43:30', '2015-07-03 03:38:01', 1, '0x51222b5c206f2970f60dfc7f4ca3f62329620911', 'true', 0);
insert into accounts (id, created_by, last_update_date_time, time_created, updated_by, account_no, enabled, account_total) values (2, 2, '2015-03-08 05:23:16', '2015-12-01 17:01:08', 2, '0x77134cbc06cb00b66f4c7e623d5fdbf6777635ec', 'true', 0);
insert into accounts (id, created_by, last_update_date_time, time_created, updated_by, account_no, enabled, account_total) values (3, 3, '2015-06-16 07:53:28', '2015-04-11 08:15:36', 3, '0xec5ee3714a9c0be3def303136391011f604284e2', 'true', 0);
insert into accounts (id, created_by, last_update_date_time, time_created, updated_by, account_no, enabled, account_total) values (4, 4, '2015-03-19 18:31:49', '2015-03-24 23:14:33', 4, '0x5e783cb381da81af6769eba780ec7b0f0a8295c4', 'true', 0);
insert into accounts (id, created_by, last_update_date_time, time_created, updated_by, account_no, enabled, account_total) values (5, 5, '2015-06-17 01:52:28', '2015-06-01 01:12:20', 5, '0x58fed907b264f0177c3fcbd76769c873805d6e40', 'true', 0);
insert into accounts (id, created_by, last_update_date_time, time_created, updated_by, account_no, enabled, account_total) values (6, 6, '2015-05-14 00:50:54', '2015-12-08 13:46:18', 6, '0xf035561dce033ded865e15e69db06cffc88d9213', 'true', 0);
insert into accounts (id, created_by, last_update_date_time, time_created, updated_by, account_no, enabled, account_total) values (7, 7, '2015-09-07 15:36:30', '2015-01-24 04:32:48', 7, '0xc7304352548c192f6ba59ee15e3e1ae9a5605608', 'true', 0);
insert into accounts (id, created_by, last_update_date_time, time_created, updated_by, account_no, enabled, account_total) values (8, 8, '2015-04-28 21:49:56', '2015-04-11 05:49:58', 8, '0xaad55936b58e017cb709613e8cdc53766c8370e7', 'true', 0);
insert into accounts (id, created_by, last_update_date_time, time_created, updated_by, account_no, enabled, account_total) values (9, 9, '2015-01-01 12:12:02', '2015-02-04 14:36:03', 9, '0xce10205cff5ce150d3ba5eeb44875ae2d63b9244', 'true', 0);
insert into accounts (id, created_by, last_update_date_time, time_created, updated_by, account_no, enabled, account_total) values (10, 10, '2015-12-17 14:20:51', '2015-11-28 06:06:34', 10, '0x61272cd64bb489e4d70f11a66ac719aca49b63e7', 'true', 0);
insert into accounts (id, created_by, last_update_date_time, time_created, updated_by, account_no, enabled, account_total) values (11, 11, '2015-05-31 23:55:54', '2015-04-27 22:09:14', 11, '0x6aa641b2f91d4c822107cb08313922b9e912bc90', 'true', 0);
insert into accounts (id, created_by, last_update_date_time, time_created, updated_by, account_no, enabled, account_total) values (12, 12, '2015-02-02 00:39:35', '2015-11-18 22:11:05', 12, '0x1c19839c88c0cdb4d0b10208833101d75454d7c1', 'true', 0);
insert into accounts (id, created_by, last_update_date_time, time_created, updated_by, account_no, enabled, account_total) values (13, 13, '2015-12-06 19:19:19', '2015-03-24 20:24:51', 13, '0x32be343b94f860124dc4fee278fdcbd38c102d88', 'true', 0);
insert into accounts (id, created_by, last_update_date_time, time_created, updated_by, account_no, enabled, account_total) values (14, 14, '2015-01-13 05:13:15', '2015-03-30 08:36:24', 14, '0x47284536f60ca404106c399176d4f3ee8fa6fd57', 'true', 0);
insert into accounts (id, created_by, last_update_date_time, time_created, updated_by, account_no, enabled, account_total) values (15, 15, '2015-02-22 07:18:44', '2015-06-22 04:13:22', 15, '0x17a7ad6a2850f58f7344ae27e53eb44f81f9655c', 'true', 0);
insert into accounts (id, created_by, last_update_date_time, time_created, updated_by, account_no, enabled, account_total) values (16, 16, '2014-12-23 23:07:58', '2015-02-28 15:43:33', 16, '0x00f78d023dd008c6e8bd3e16327466d58fb6b576', 'true', 0);
insert into accounts (id, created_by, last_update_date_time, time_created, updated_by, account_no, enabled, account_total) values (17, 17, '2015-11-08 15:51:50', '2015-05-06 10:41:12', 17, '0x78914798cdff9e87297bf6d66b17745458ae554d', 'true', 0);
insert into accounts (id, created_by, last_update_date_time, time_created, updated_by, account_no, enabled, account_total) values (18, 18, '2015-07-01 07:46:19', '2015-06-11 07:03:44', 18, '0xd3273eba07248020bf98a8b560ec1576a612102f', 'true', 0);

insert into currencies (id,created_by, last_update_date_time, time_created, updated_by, code,is_base_currency, name,enabled) values (1,1, '2015-02-09 03:43:30', '2015-07-03 03:38:01', 1, 'ASIC', 'false','ASIC Token','true');
insert into currencies (id,created_by, last_update_date_time, time_created, updated_by, code, is_base_currency,name,enabled) values (2,1, '2015-02-09 03:43:30', '2015-07-03 03:38:01', 1, 'ETH','true', 'Ethereum','true');
insert into currencies (id,created_by, last_update_date_time, time_created, updated_by, code, is_base_currency,name,enabled) values (3,1, '2015-02-09 03:43:30', '2015-07-03 03:38:01', 1, 'LYXe', 'false','LYXe Token','true');
insert into currencies (id,created_by, last_update_date_time, time_created, updated_by, code, is_base_currency,name,enabled) values (4,1, '2015-02-09 03:43:30', '2015-07-03 03:38:01', 1, 'SDETHER.COM','false', 'sdether','true');
insert into currencies (id,created_by, last_update_date_time, time_created, updated_by, code, is_base_currency,name,enabled) values (5,1, '2015-02-09 03:43:30', '2015-07-03 03:38:01', 1, 'USDC','false', 'USD Coin','true');
insert into currencies (id,created_by, last_update_date_time, time_created, updated_by, code, is_base_currency,name,enabled) values (6,1, '2015-02-09 03:43:30', '2015-07-03 03:38:01', 1, 'LUNC', 'false','Terra Classic','true');
insert into currencies (id,created_by, last_update_date_time, time_created, updated_by, code, is_base_currency,name,enabled) values (7,1, '2015-02-09 03:43:30', '2015-07-03 03:38:01', 1, 'PMOD', 'false','PMOD Coin','true');
insert into currencies (id,created_by, last_update_date_time, time_created, updated_by, code, is_base_currency,name,enabled) values (8,1, '2015-02-09 03:43:30', '2015-07-03 03:38:01', 1, 'LPT','false', 'LivePeer','true');
insert into currencies (id,created_by, last_update_date_time, time_created, updated_by, code, is_base_currency,name,enabled) values (9,1, '2015-02-09 03:43:30', '2015-07-03 03:38:01', 1,'GSE', 'false','GSENetwork','true');
insert into currencies (id,created_by, last_update_date_time, time_created, updated_by, code, is_base_currency,name,enabled) values (10,1, '2015-02-09 03:43:30', '2015-07-03 03:38:01', 1, 'HEALP','false', 'Etheal Token','true');
insert into currencies (id,created_by, last_update_date_time, time_created, updated_by, code, is_base_currency,name,enabled) values (11,1, '2015-02-09 03:43:30', '2015-07-03 03:38:01', 1, 'TRX', 'false','TRON','true');
insert into currencies (id,created_by, last_update_date_time, time_created, updated_by, code, is_base_currency,name,enabled) values (12,1, '2015-02-09 03:43:30', '2015-07-03 03:38:01', 1, 'BOBx','false', 'BOB Token','true');
insert into currencies (id,created_by, last_update_date_time, time_created, updated_by, code, is_base_currency,name,enabled) values (13,1, '2015-02-09 03:43:30', '2015-07-03 03:38:01', 1, 'safe.ad','false', 'Euro','true');
insert into currencies (id,created_by, last_update_date_time, time_created, updated_by,code, is_base_currency,name,enabled) values (14,1, '2015-02-09 03:43:30', '2015-07-03 03:38:01', 1, 'EMO', 'false','EMO Coin','true');
insert into currencies (id,created_by, last_update_date_time, time_created, updated_by, code, is_base_currency,name,enabled) values (15,1, '2015-02-09 03:43:30', '2015-07-03 03:38:01', 1, 'INSP', 'false','Inspeer Token','true');
insert into currencies (id,created_by, last_update_date_time, time_created, updated_by, code, is_base_currency,name,enabled) values (16,1, '2015-02-09 03:43:30', '2015-07-03 03:38:01', 1, 'VIU', 'false','Viuly','true');
insert into currencies (id,created_by, last_update_date_time, time_created, updated_by, code, is_base_currency,name,enabled) values (17,1, '2015-02-09 03:43:30', '2015-07-03 03:38:01', 1, 'XNN', 'false','Xenon','true');
insert into currencies (id,created_by, last_update_date_time, time_created, updated_by, code, is_base_currency,name,enabled) values (18,1, '2015-02-09 03:43:30', '2015-07-03 03:38:01', 1,'OMG', 'false','OMG Network','true');

insert into holding (id, created_by, last_update_date_time, time_created, updated_by, account_no_id, enabled, currency_id, total_value) values (1, 1, '2015-02-09 03:43:30', '2015-07-03 03:38:01', 1, 1, 'true', 1, 0);
insert into holding (id, created_by, last_update_date_time, time_created, updated_by, account_no_id, enabled, currency_id, total_value) values (2, 2,'2015-02-09 03:43:30', '2015-07-03 03:38:01', 1, 2, 'true', 1, 0);
insert into holding (id, created_by, last_update_date_time, time_created, updated_by, account_no_id, enabled, currency_id, total_value) values (3, 3, '2015-02-09 03:43:30', '2015-07-03 03:38:01', 1, 3, 'true', 1, 0);
insert into holding (id, created_by, last_update_date_time, time_created, updated_by, account_no_id, enabled, currency_id, total_value) values (4, 4, '2015-02-09 03:43:30', '2015-07-03 03:38:01', 1, 4, 'true', 1, 0);
insert into holding (id, created_by, last_update_date_time, time_created, updated_by, account_no_id, enabled, currency_id, total_value) values (5, 5, '2015-02-09 03:43:30', '2015-07-03 03:38:01', 1, 5, 'true', 1, 0);
insert into holding (id, created_by, last_update_date_time, time_created, updated_by, account_no_id, enabled, currency_id, total_value) values (6, 6, '2015-02-09 03:43:30', '2015-07-03 03:38:01', 1, 6, 'true', 1, 0);
insert into holding (id, created_by, last_update_date_time, time_created, updated_by, account_no_id, enabled, currency_id, total_value) values (7, 7, '2015-02-09 03:43:30', '2015-07-03 03:38:01', 1, 7, 'true', 1, 0);
insert into holding (id, created_by, last_update_date_time, time_created, updated_by, account_no_id, enabled, currency_id, total_value) values (8, 8, '2015-02-09 03:43:30', '2015-07-03 03:38:01', 1, 8, 'true', 1, 0);
insert into holding (id, created_by, last_update_date_time, time_created, updated_by, account_no_id, enabled, currency_id, total_value) values (9, 9, '2015-02-09 03:43:30', '2015-07-03 03:38:01', 1, 9, 'true', 1, 0);
insert into holding (id, created_by, last_update_date_time, time_created, updated_by, account_no_id, enabled, currency_id, total_value) values (10, 10, '2015-02-09 03:43:30', '2015-07-03 03:38:01', 1, 10, 'true', 1, 0);
insert into holding (id, created_by, last_update_date_time, time_created, updated_by, account_no_id, enabled, currency_id, total_value) values (11, 11, '2015-02-09 03:43:30', '2015-07-03 03:38:01', 1, 11, 'true', 1, 0);
insert into holding (id, created_by, last_update_date_time, time_created, updated_by, account_no_id, enabled, currency_id, total_value) values (12, 12, '2015-02-09 03:43:30', '2015-07-03 03:38:01', 1, 12, 'true', 1, 0);
insert into holding (id, created_by, last_update_date_time, time_created, updated_by, account_no_id, enabled, currency_id, total_value) values (13, 13, '2015-02-09 03:43:30', '2015-07-03 03:38:01', 1, 13, 'true', 1, 0);
insert into holding (id, created_by, last_update_date_time, time_created, updated_by, account_no_id, enabled, currency_id, total_value) values (14, 14, '2015-02-09 03:43:30', '2015-07-03 03:38:01', 1, 14, 'true', 1, 0);
insert into holding (id, created_by, last_update_date_time, time_created, updated_by, account_no_id, enabled, currency_id, total_value) values (15, 15, '2015-02-09 03:43:30', '2015-07-03 03:38:01', 1, 15, 'true', 1, 0);
insert into holding (id, created_by, last_update_date_time, time_created, updated_by, account_no_id, enabled, currency_id, total_value) values (16, 16, '2015-02-09 03:43:30', '2015-07-03 03:38:01', 1, 16, 'true', 1, 0);
insert into holding (id, created_by, last_update_date_time, time_created, updated_by, account_no_id, enabled, currency_id, total_value) values (17, 17, '2015-02-09 03:43:30', '2015-07-03 03:38:01', 1, 17, 'true', 1, 0);
insert into holding (id, created_by, last_update_date_time, time_created, updated_by, account_no_id, enabled, currency_id, total_value) values (18, 18, '2015-02-09 03:43:30', '2015-07-03 03:38:01', 1, 18, 'true', 1, 0);

insert into position (id, created_by, last_update_date_time, time_created, updated_by, enabled, time_stamp, amount, tx_hash, holding_id) values (1, 1, '2015-02-09 03:43:30', '2015-07-03 03:38:01', 1, 'true', '1497927362', 0.295666876, '0', 1);
insert into position (id, created_by, last_update_date_time, time_created, updated_by, enabled, time_stamp, amount, tx_hash, holding_id) values (2, 2, '2015-02-09 03:43:30', '2015-07-03 03:38:01', 2, 'true', '1663934807', 1, '0', 2);
insert into position (id, created_by, last_update_date_time, time_created, updated_by, enabled, time_stamp, amount, tx_hash, holding_id) values (3, 3, '2015-02-09 03:43:30', '2015-07-03 03:38:01', 3, 'true', '1663667495', 0.12, '0', 3);
insert into position (id, created_by, last_update_date_time, time_created, updated_by, enabled, time_stamp, amount, tx_hash, holding_id) values (4, 4, '2015-02-09 03:43:30', '2015-07-03 03:38:01', 4, 'true', '1522498742', 10.1, '0', 4);
insert into position (id, created_by, last_update_date_time, time_created, updated_by, enabled, time_stamp, amount, tx_hash, holding_id) values (5, 5, '2015-02-09 03:43:30', '2015-07-03 03:38:01', 5, 'true', '1537323206', 1, '0', 5);
insert into position (id, created_by, last_update_date_time, time_created, updated_by, enabled, time_stamp, amount, tx_hash, holding_id) values (6, 6, '2015-02-09 03:43:30', '2015-07-03 03:38:01', 6, 'true', '1514772106', 0.1, '0', 6);
insert into position (id, created_by, last_update_date_time, time_created, updated_by, enabled, time_stamp, amount, tx_hash, holding_id) values (7, 7, '2015-02-09 03:43:30', '2015-07-03 03:38:01', 7, 'true', '1530760427', 33.8, '0', 7);
insert into position (id, created_by, last_update_date_time, time_created, updated_by, enabled, time_stamp, amount, tx_hash, holding_id) values (8, 8, '2015-02-09 03:43:30', '2015-07-03 03:38:01', 8, 'true', '1528862226', 0.1, '0', 8);
insert into position (id, created_by, last_update_date_time, time_created, updated_by, enabled, time_stamp, amount, tx_hash, holding_id) values (9, 9, '2015-02-09 03:43:30', '2015-07-03 03:38:01', 9, 'true', '1524821662', 0.399, '0', 9);
insert into position (id, created_by, last_update_date_time, time_created, updated_by, enabled, time_stamp, amount, tx_hash, holding_id) values (10, 10, '2015-02-09 03:43:30', '2015-07-03 03:38:01', 10, 'true', '1525079947', 0.5, '0', 10);
insert into position (id, created_by, last_update_date_time, time_created, updated_by, enabled, time_stamp, amount, tx_hash, holding_id) values (11, 11, '2015-02-09 03:43:30', '2015-07-03 03:38:01', 11, 'true', '1524890688', 0.5, '0', 11);
insert into position (id, created_by, last_update_date_time, time_created, updated_by, enabled, time_stamp, amount, tx_hash, holding_id) values (12, 12, '2015-02-09 03:43:30', '2015-07-03 03:38:01', 12, 'true', '1512647752', 1, '0', 12);
insert into position (id, created_by, last_update_date_time, time_created, updated_by, enabled, time_stamp, amount, tx_hash, holding_id) values (13, 13, '2015-02-09 03:43:30', '2015-07-03 03:38:01', 13, 'true', '1608520612', 0.8, '0', 13);
insert into position (id, created_by, last_update_date_time, time_created, updated_by, enabled, time_stamp, amount, tx_hash, holding_id) values (14, 14, '2015-02-09 03:43:30', '2015-07-03 03:38:01', 14, 'true', '1506067642', 0.5, '0', 14);
insert into position (id, created_by, last_update_date_time, time_created, updated_by, enabled, time_stamp, amount, tx_hash, holding_id) values (15, 15, '2015-02-09 03:43:30', '2015-07-03 03:38:01', 15, 'true', '1510307415', 0.2, '0', 15);
insert into position (id, created_by, last_update_date_time, time_created, updated_by, enabled, time_stamp, amount, tx_hash, holding_id) values (16, 16, '2015-02-09 03:43:30', '2015-07-03 03:38:01', 16, 'true', '1507603669', 10, '0', 16);
insert into position (id, created_by, last_update_date_time, time_created, updated_by, enabled, time_stamp, amount, tx_hash, holding_id) values (17, 17, '2015-02-09 03:43:30', '2015-07-03 03:38:01', 17, 'true', '1506139991', 3.53, '0', 17);
insert into position (id, created_by, last_update_date_time, time_created, updated_by, enabled, time_stamp, amount, tx_hash, holding_id) values (18, 18, '2015-02-09 03:43:30', '2015-07-03 03:38:01', 18, 'true', '1519448918', 892.97, '0', 18);

